,name,Model_Name,config,hardware_utilization,total_latency,fps,total_dynamic_energy,total_static_power,fps_per_w,area,fps_per_w_per_area
0,OXBNN_50,MobileNet_V2,"[{'element_size': 19, 'element_count': 19, 'units_count': 1123, 'reconfig': [], 'vdp_type': 'AMM', 'name': 'OXBNN_50', 'accelerator_type': 'ONNA', 'precision': 1, 'bitrate': 50}]",94.72502346176259,2.646000000000005e-08,37792894.935752004,48.922558211730525,2367159.2218396687,0.020414332041190246,48538.80808817005,4.20577530542322e-07
1,OXBNN_50,ShuffleNet_V2,"[{'element_size': 19, 'element_count': 19, 'units_count': 1123, 'reconfig': [], 'vdp_type': 'AMM', 'name': 'OXBNN_50', 'accelerator_type': 'ONNA', 'precision': 1, 'bitrate': 50}]",99.01895780765632,1.4721020000000002e-05,67930.0754974859,96.11886992458224,2367159.2218396687,0.007635577222937995,48538.80808817005,1.5730870871546903e-07
2,OXBNN_50,ResNet18,"[{'element_size': 19, 'element_count': 19, 'units_count': 1123, 'reconfig': [], 'vdp_type': 'AMM', 'name': 'OXBNN_50', 'accelerator_type': 'ONNA', 'precision': 1, 'bitrate': 50}]",100.0,3.976316000000001e-05,25148.906676431143,174.93443972438666,2367159.2218396687,0.0037166407712473926,48538.80808817005,7.657049931049332e-08
3,OXBNN_50,VGG-small,"[{'element_size': 19, 'element_count': 19, 'units_count': 1123, 'reconfig': [], 'vdp_type': 'AMM', 'name': 'OXBNN_50', 'accelerator_type': 'ONNA', 'precision': 1, 'bitrate': 50}]",100.0,0.0003129339799999999,3195.5622077218977,2994.9166584747595,2367159.2218396687,0.0002676887942067812,48538.80808817005,5.514943706910321e-09
